"muni_code","region","tipo_regiao","koppen","pop22","prop_residuo","prop_esgot","bioma","dengue_pattern_10_16","dengue_pattern_17_22","precip_tot_Autumn","thr_temp_Autumn","thr_umid_Autumn","thr_prec_Autumn","precip_tot_Spring","thr_temp_Spring","thr_prec_Spring","thr_temp_umid_Spring","temp_med_Summer","umid_med_Summer","precip_tot_Summer","thr_prec_Summer","precip_tot_Winter","thr_prec_Winter","residuos"
1303536,1,"metropolitana","Af",30762,66.99,37.54,"Amazonia","0","1",4859.51681666667,92,92,84.3333333333333,2434.37186666667,91,58.3333333333333,89.6666666666667,25.6403056613757,87.088363958079,3463.31911666667,70.1666666666667,1361.08275,40.8333333333333,3.17158199491966
2105302,2,"nao metropolitana","Aw",273027,21.13,3.05,"Cerrado","1","0",1215.82046666667,92,90,30,1183.52273333333,91,28,65.8333333333333,25.6130332702483,84.4062718844119,2654.34273333333,64.3333333333333,46.4676666666667,1,-3.10680131051372
2307007,2,"nao metropolitana","As",30181,40.13,38.3,"Caatinga","0","1",1575.01435,92,91.3333333333333,37.1666666666667,128.9562,91,2,84.5,27.3747531379731,75.5739674135124,1481.88353333333,36,199.70805,2.66666666666667,3.08194121934165
2307254,2,"nao metropolitana","As",29472,94.22,47.7,"Caatinga","0","1",2225.47898333333,92,92,52.5,202.662566666667,91,3.66666666666667,90.1666666666667,26.7351882539682,80.7472311212861,2171.3031,56,126.667666666667,2.33333333333333,3.18607629343586
3132404,3,"nao metropolitana","Cwb",90776,61.86,56.85,"Mata Atlantica","0","1",753.843583333333,22,88.5,17.8333333333333,2223.25728333333,50.1666666666667,49.8333333333333,45.5,21.1252028347578,82.1351042328042,3068.41778333333,62.5,376.691766666667,10.1666666666667,3.23331645292012
3302502,3,"metropolitana","Am",248208,97.76,78.3,"Mata Atlantica","1","0",1152.39306666667,64,91.8333333333333,25.1666666666667,2354.01711666667,77.8333333333333,47.5,77.3333333333333,24.9386911680912,82.3819300895401,3171.0959,55.1666666666667,682.93075,17.5,-3.26320787418331
3303807,3,"nao metropolitana","Cfb",50592,88.94,57.72,"Mata Atlantica","0","1",2143.21718333333,44.5,91.8333333333333,37.8333333333333,2968.17595,57.3333333333333,59.3333333333333,57.3333333333333,23.1405641168091,86.2479530993081,4557.46286666667,69.1666666666667,1171.14121666667,25.3333333333333,3.03490770841803
3303906,3,"nao metropolitana","Cfb",304758,98.03,91.85,"Mata Atlantica","1","0",1062.78235,23.1666666666667,92,24.6666666666667,2334.4056,50,49.8333333333333,49.1666666666667,21.9417847842898,82.4361051058201,3198.95196666667,58.5,573.450333333333,16.3333333333333,-3.24885089705641
3510609,3,"metropolitana","Cfb",406221,94.39,87.71,"Mata Atlantica","0","0",646.961166666667,27.6666666666667,90.3333333333333,17.1666666666667,1415.28261666667,48.1666666666667,38.8333333333333,46.5,21.8309463553114,83.9713924643875,1978.7253,51.1666666666667,546.982616666667,11.6666666666667,-3.17371375945686
