"";"municipio_geocodigo";"xpm";"tpm";"dc3m";"dcmaxm";"dcim";"ds3m";"dsmaxm";"stm";"incm"
"1";1303601;0;1;0;0;0;1;52;0;0
"2";1303957;0;1;0;0;0;1;52;0;0
"3";1304237;0;1;0;0;0;1;52;0;0
"4";1502004;0;1;0;0;0;1;52;0;0
"5";1502509;0;1;0;0;0;1;52;0;0
"6";1502806;0;1;0;0;0;1;52;0;0
"7";1503002;0;1;0;0;0;1;52;0;0
"8";1504505;0;1;0;0;0;1;52;0;0
"9";1506401;0;1;0;0;0;1;52;0;0
"10";1600212;0;1;0;0;0;1;52;0;0
"11";1600550;0;1;0;0;0;1;52;0;0
"12";1600808;0;1;0;0;0;1;52;0;0
"13";2100402;0;1;0;0;0;1;52;0;0
"14";2102408;0;1;0;0;0;1;52;0;0
"15";2103109;0;1;0;0;0;1;52;0;0
"16";2106359;0;1;0;0;0;1;52;0;0
"17";2111789;0;1;0;0;0;1;52;0;0
"18";2201919;0;1;0;0;0;1;52;0;0
"19";2201988;0;1;0;0;0;1;52;0;0
"20";2202251;0;1;0;0;0;1;52;0;0
"21";2203602;0;1;0;0;0;1;52;0;0
"22";2205359;0;1;0;0;0;1;52;0;0
"23";2207850;0;1;0;0;0;1;52;0;0
"24";2207934;0;1;0;0;0;1;52;0;0
"25";2207959;0;1;0;0;0;1;52;0;0
"26";2209104;0;1;0;0;0;1;52;0;0
"27";2209302;0;1;0;0;0;1;52;0;0
"28";2210102;0;1;0;0;0;1;52;0;0
"29";2210904;0;1;0;0;0;1;52;0;0
"30";2211704;0;1;0;0;0;1;52;0;0
"31";2513943;0;1;0;0;0;1;52;0;0
"32";2611533;0;1;0;0;0;1;52;0;0
"33";2704906;0;1;0;0;0;1;52;0;0
"34";2800100;0;1;0;0;0;1;52;0;0
"35";2802205;0;1;0;0;0;1;52;0;0
"36";2803302;0;1;0;0;0;1;52;0;0
"37";2803807;0;1;0;0;0;1;52;0;0
"38";2902203;0;1;0;0;0;1;52;0;0
"39";3106804;0;1;0;0;0;1;52;0;0
"40";3107208;0;1;0;0;0;1;52;0;0
"41";3114808;0;1;0;0;0;1;52;0;0
"42";3117836;0;1;0;0;0;1;52;0;0
"43";3118502;0;1;0;0;0;1;52;0;0
"44";3121704;0;1;0;0;0;1;52;0;0
"45";3145505;0;1;0;0;0;1;52;0;0
"46";3152131;0;1;0;0;0;1;52;0;0
"47";3159100;0;1;0;0;0;1;52;0;0
"48";3160207;0;1;0;0;0;1;52;0;0
"49";3160504;0;1;0;0;0;1;52;0;0
"50";3164803;0;1;0;0;0;1;52;0;0
"51";4100301;0;1;0;0;0;1;52;0;0
"52";4104105;0;1;0;0;0;1;52;0;0
"53";4106100;0;1;0;0;0;1;52;0;0
"54";4120101;0;1;0;0;0;1;52;0;0
"55";4120309;0;1;0;0;0;1;52;0;0
"56";4121752;0;1;0;0;0;1;52;0;0
"57";4127882;0;1;0;0;0;1;52;0;0
"58";4200051;0;1;0;0;0;1;52;0;0
"59";4200606;0;1;0;0;0;1;52;0;0
"60";4200754;0;1;0;0;0;1;52;0;0
"61";4200903;0;1;0;0;0;1;52;0;0
"62";4201000;0;1;0;0;0;1;52;0;0
"63";4201109;0;1;0;0;0;1;52;0;0
"64";4201505;0;1;0;0;0;1;52;0;0
"65";4201901;0;1;0;0;0;1;52;0;0
"66";4202081;0;1;0;0;0;1;52;0;0
"67";4202107;0;1;0;0;0;1;52;0;0
"68";4202438;0;1;0;0;0;1;52;0;0
"69";4202859;0;1;0;0;0;1;52;0;0
"70";4202875;0;1;0;0;0;1;52;0;0
"71";4203154;0;1;0;0;0;1;52;0;0
"72";4203253;0;1;0;0;0;1;52;0;0
"73";4203402;0;1;0;0;0;1;52;0;0
"74";4204152;0;1;0;0;0;1;52;0;0
"75";4204178;0;1;0;0;0;1;52;0;0
"76";4204194;0;1;0;0;0;1;52;0;0
"77";4204558;0;1;0;0;0;1;52;0;0
"78";4205100;0;1;0;0;0;1;52;0;0
"79";4205175;0;1;0;0;0;1;52;0;0
"80";4205555;0;1;0;0;0;1;52;0;0
"81";4206751;0;1;0;0;0;1;52;0;0
"82";4207205;0;1;0;0;0;1;52;0;0
"83";4207577;0;1;0;0;0;1;52;0;0
"84";4207858;0;1;0;0;0;1;52;0;0
"85";4209458;0;1;0;0;0;1;52;0;0
"86";4209706;0;1;0;0;0;1;52;0;0
"87";4209805;0;1;0;0;0;1;52;0;0
"88";4210050;0;1;0;0;0;1;52;0;0
"89";4210407;0;1;0;0;0;1;52;0;0
"90";4210704;0;1;0;0;0;1;52;0;0
"91";4210803;0;1;0;0;0;1;52;0;0
"92";4210852;0;1;0;0;0;1;52;0;0
"93";4211058;0;1;0;0;0;1;52;0;0
"94";4211256;0;1;0;0;0;1;52;0;0
"95";4211892;0;1;0;0;0;1;52;0;0
"96";4212056;0;1;0;0;0;1;52;0;0
"97";4212270;0;1;0;0;0;1;52;0;0
"98";4212403;0;1;0;0;0;1;52;0;0
"99";4212650;0;1;0;0;0;1;52;0;0
"100";4213302;0;1;0;0;0;1;52;0;0
"101";4213906;0;1;0;0;0;1;52;0;0
"102";4214102;0;1;0;0;0;1;52;0;0
"103";4214300;0;1;0;0;0;1;52;0;0
"104";4214409;0;1;0;0;0;1;52;0;0
"105";4214508;0;1;0;0;0;1;52;0;0
"106";4215059;0;1;0;0;0;1;52;0;0
"107";4215695;0;1;0;0;0;1;52;0;0
"108";4216354;0;1;0;0;0;1;52;0;0
"109";4218103;0;1;0;0;0;1;52;0;0
"110";4218251;0;1;0;0;0;1;52;0;0
"111";4218954;0;1;0;0;0;1;52;0;0
"112";4219358;0;1;0;0;0;1;52;0;0
"113";4219853;0;1;0;0;0;1;52;0;0
"114";4300109;0;1;0;0;0;1;52;0;0
"115";4300471;0;1;0;0;0;1;52;0;0
"116";4300554;0;1;0;0;0;1;52;0;0
"117";4300570;0;1;0;0;0;1;52;0;0
"118";4300638;0;1;0;0;0;1;52;0;0
"119";4300661;0;1;0;0;0;1;52;0;0
"120";4300703;0;1;0;0;0;1;52;0;0
"121";4300851;0;1;0;0;0;1;52;0;0
"122";4300901;0;1;0;0;0;1;52;0;0
"123";4301073;0;1;0;0;0;1;52;0;0
"124";4301305;0;1;0;0;0;1;52;0;0
"125";4301552;0;1;0;0;0;1;52;0;0
"126";4301750;0;1;0;0;0;1;52;0;0
"127";4301875;0;1;0;0;0;1;52;0;0
"128";4301925;0;1;0;0;0;1;52;0;0
"129";4301958;0;1;0;0;0;1;52;0;0
"130";4302006;0;1;0;0;0;1;52;0;0
"131";4302055;0;1;0;0;0;1;52;0;0
"132";4302378;0;1;0;0;0;1;52;0;0
"133";4302451;0;1;0;0;0;1;52;0;0
"134";4302659;0;1;0;0;0;1;52;0;0
"135";4302907;0;1;0;0;0;1;52;0;0
"136";4303608;0;1;0;0;0;1;52;0;0
"137";4304358;0;1;0;0;0;1;52;0;0
"138";4304622;0;1;0;0;0;1;52;0;0
"139";4304655;0;1;0;0;0;1;52;0;0
"140";4304689;0;1;0;0;0;1;52;0;0
"141";4304697;0;1;0;0;0;1;52;0;0
"142";4304853;0;1;0;0;0;1;52;0;0
"143";4304952;0;1;0;0;0;1;52;0;0
"144";4305116;0;1;0;0;0;1;52;0;0
"145";4305124;0;1;0;0;0;1;52;0;0
"146";4305157;0;1;0;0;0;1;52;0;0
"147";4305371;0;1;0;0;0;1;52;0;0
"148";4305439;0;1;0;0;0;1;52;0;0
"149";4305447;0;1;0;0;0;1;52;0;0
"150";4305504;0;1;0;0;0;1;52;0;0
"151";4305835;0;1;0;0;0;1;52;0;0
"152";4305850;0;1;0;0;0;1;52;0;0
"153";4305871;0;1;0;0;0;1;52;0;0
"154";4305934;0;1;0;0;0;1;52;0;0
"155";4306056;0;1;0;0;0;1;52;0;0
"156";4306072;0;1;0;0;0;1;52;0;0
"157";4306205;0;1;0;0;0;1;52;0;0
"158";4306304;0;1;0;0;0;1;52;0;0
"159";4306379;0;1;0;0;0;1;52;0;0
"160";4306452;0;1;0;0;0;1;52;0;0
"161";4306502;0;1;0;0;0;1;52;0;0
"162";4306551;0;1;0;0;0;1;52;0;0
"163";4306700;0;1;0;0;0;1;52;0;0
"164";4306957;0;1;0;0;0;1;52;0;0
"165";4307104;0;1;0;0;0;1;52;0;0
"166";4307401;0;1;0;0;0;1;52;0;0
"167";4307815;0;1;0;0;0;1;52;0;0
"168";4307864;0;1;0;0;0;1;52;0;0
"169";4308052;0;1;0;0;0;1;52;0;0
"170";4308250;0;1;0;0;0;1;52;0;0
"171";4308300;0;1;0;0;0;1;52;0;0
"172";4308409;0;1;0;0;0;1;52;0;0
"173";4308433;0;1;0;0;0;1;52;0;0
"174";4308656;0;1;0;0;0;1;52;0;0
"175";4308854;0;1;0;0;0;1;52;0;0
"176";4309126;0;1;0;0;0;1;52;0;0
"177";4309571;0;1;0;0;0;1;52;0;0
"178";4309654;0;1;0;0;0;1;52;0;0
"179";4309753;0;1;0;0;0;1;52;0;0
"180";4309902;0;1;0;0;0;1;52;0;0
"181";4309951;0;1;0;0;0;1;52;0;0
"182";4310413;0;1;0;0;0;1;52;0;0
"183";4310439;0;1;0;0;0;1;52;0;0
"184";4310538;0;1;0;0;0;1;52;0;0
"185";4310579;0;1;0;0;0;1;52;0;0
"186";4310652;0;1;0;0;0;1;52;0;0
"187";4310702;0;1;0;0;0;1;52;0;0
"188";4310751;0;1;0;0;0;1;52;0;0
"189";4310876;0;1;0;0;0;1;52;0;0
"190";4311122;0;1;0;0;0;1;52;0;0
"191";4311130;0;1;0;0;0;1;52;0;0
"192";4311155;0;1;0;0;0;1;52;0;0
"193";4311239;0;1;0;0;0;1;52;0;0
"194";4311254;0;1;0;0;0;1;52;0;0
"195";4311270;0;1;0;0;0;1;52;0;0
"196";4311429;0;1;0;0;0;1;52;0;0
"197";4311502;0;1;0;0;0;1;52;0;0
"198";4311601;0;1;0;0;0;1;52;0;0
"199";4311700;0;1;0;0;0;1;52;0;0
"200";4311718;0;1;0;0;0;1;52;0;0
"201";4311734;0;1;0;0;0;1;52;0;0
"202";4311759;0;1;0;0;0;1;52;0;0
"203";4311791;0;1;0;0;0;1;52;0;0
"204";4311908;0;1;0;0;0;1;52;0;0
"205";4312005;0;1;0;0;0;1;52;0;0
"206";4312054;0;1;0;0;0;1;52;0;0
"207";4312104;0;1;0;0;0;1;52;0;0
"208";4312385;0;1;0;0;0;1;52;0;0
"209";4312450;0;1;0;0;0;1;52;0;0
"210";4312617;0;1;0;0;0;1;52;0;0
"211";4312674;0;1;0;0;0;1;52;0;0
"212";4313003;0;1;0;0;0;1;52;0;0
"213";4313466;0;1;0;0;0;1;52;0;0
"214";4313953;0;1;0;0;0;1;52;0;0
"215";4314027;0;1;0;0;0;1;52;0;0
"216";4314035;0;1;0;0;0;1;52;0;0
"217";4314068;0;1;0;0;0;1;52;0;0
"218";4314076;0;1;0;0;0;1;52;0;0
"219";4314175;0;1;0;0;0;1;52;0;0
"220";4314209;0;1;0;0;0;1;52;0;0
"221";4314456;0;1;0;0;0;1;52;0;0
"222";4314464;0;1;0;0;0;1;52;0;0
"223";4314472;0;1;0;0;0;1;52;0;0
"224";4314506;0;1;0;0;0;1;52;0;0
"225";4314548;0;1;0;0;0;1;52;0;0
"226";4314605;0;1;0;0;0;1;52;0;0
"227";4314779;0;1;0;0;0;1;52;0;0
"228";4314787;0;1;0;0;0;1;52;0;0
"229";4315156;0;1;0;0;0;1;52;0;0
"230";4315206;0;1;0;0;0;1;52;0;0
"231";4315305;0;1;0;0;0;1;52;0;0
"232";4315313;0;1;0;0;0;1;52;0;0
"233";4315453;0;1;0;0;0;1;52;0;0
"234";4315503;0;1;0;0;0;1;52;0;0
"235";4315552;0;1;0;0;0;1;52;0;0
"236";4315750;0;1;0;0;0;1;52;0;0
"237";4316428;0;1;0;0;0;1;52;0;0
"238";4316733;0;1;0;0;0;1;52;0;0
"239";4316758;0;1;0;0;0;1;52;0;0
"240";4316956;0;1;0;0;0;1;52;0;0
"241";4316972;0;1;0;0;0;1;52;0;0
"242";4317004;0;1;0;0;0;1;52;0;0
"243";4317251;0;1;0;0;0;1;52;0;0
"244";4317558;0;1;0;0;0;1;52;0;0
"245";4317954;0;1;0;0;0;1;52;0;0
"246";4318051;0;1;0;0;0;1;52;0;0
"247";4318200;0;1;0;0;0;1;52;0;0
"248";4318432;0;1;0;0;0;1;52;0;0
"249";4318440;0;1;0;0;0;1;52;0;0
"250";4318457;0;1;0;0;0;1;52;0;0
"251";4318465;0;1;0;0;0;1;52;0;0
"252";4318507;0;1;0;0;0;1;52;0;0
"253";4318614;0;1;0;0;0;1;52;0;0
"254";4319125;0;1;0;0;0;1;52;0;0
"255";4319364;0;1;0;0;0;1;52;0;0
"256";4319372;0;1;0;0;0;1;52;0;0
"257";4319406;0;1;0;0;0;1;52;0;0
"258";4319703;0;1;0;0;0;1;52;0;0
"259";4319711;0;1;0;0;0;1;52;0;0
"260";4319737;0;1;0;0;0;1;52;0;0
"261";4319752;0;1;0;0;0;1;52;0;0
"262";4319802;0;1;0;0;0;1;52;0;0
"263";4320230;0;1;0;0;0;1;52;0;0
"264";4320354;0;1;0;0;0;1;52;0;0
"265";4320453;0;1;0;0;0;1;52;0;0
"266";4320552;0;1;0;0;0;1;52;0;0
"267";4320651;0;1;0;0;0;1;52;0;0
"268";4320859;0;1;0;0;0;1;52;0;0
"269";4321105;0;1;0;0;0;1;52;0;0
"270";4321352;0;1;0;0;0;1;52;0;0
"271";4321626;0;1;0;0;0;1;52;0;0
"272";4321634;0;1;0;0;0;1;52;0;0
"273";4321956;0;1;0;0;0;1;52;0;0
"274";4322251;0;1;0;0;0;1;52;0;0
"275";4322327;0;1;0;0;0;1;52;0;0
"276";4322376;0;1;0;0;0;1;52;0;0
"277";4322525;0;1;0;0;0;1;52;0;0
"278";4322533;0;1;0;0;0;1;52;0;0
"279";4322558;0;1;0;0;0;1;52;0;0
"280";4322855;0;1;0;0;0;1;52;0;0
"281";4322905;0;1;0;0;0;1;52;0;0
"282";4323408;0;1;0;0;0;1;52;0;0
"283";4323457;0;1;0;0;0;1;52;0;0
"284";4323770;0;1;0;0;0;1;52;0;0
"285";5203939;0;1;0;0;0;1;52;0;0
"286";5203962;0;1;0;0;0;1;52;0;0
