"Region";"Variable";"Melhorou";"Se.manteve";"Piorou";"Source"
"1";"amazonia";"87 (26%)";"203 (60.8%)";"44 (13.2%)";"bioma"
"1";"caatinga";"0 (NA%)";"0 (NA%)";"0 (NA%)";"bioma"
"1";"cerrado";"26 (22.4%)";"77 (66.4%)";"13 (11.2%)";"bioma"
"1";"mata atlantica";"0 (NA%)";"0 (NA%)";"0 (NA%)";"bioma"
"1";"pampa";"0 (NA%)";"0 (NA%)";"0 (NA%)";"bioma"
"1";"pantanal";"0 (NA%)";"0 (NA%)";"0 (NA%)";"bioma"
"2";"amazonia";"25 (26.9%)";"63 (67.7%)";"5 (5.4%)";"bioma"
"2";"caatinga";"215 (20.1%)";"748 (69.8%)";"108 (10.1%)";"bioma"
"2";"cerrado";"53 (21.2%)";"184 (73.6%)";"13 (5.2%)";"bioma"
"2";"mata atlantica";"85 (22.4%)";"251 (66.1%)";"44 (11.6%)";"bioma"
"2";"pampa";"0 (NA%)";"0 (NA%)";"0 (NA%)";"bioma"
"2";"pantanal";"0 (NA%)";"0 (NA%)";"0 (NA%)";"bioma"
"3";"amazonia";"0 (NA%)";"0 (NA%)";"0 (NA%)";"bioma"
"3";"caatinga";"1 (4%)";"19 (76%)";"5 (20%)";"bioma"
"3";"cerrado";"21 (6.2%)";"247 (72.6%)";"72 (21.2%)";"bioma"
"3";"mata atlantica";"129 (9.9%)";"984 (75.5%)";"190 (14.6%)";"bioma"
"3";"pampa";"0 (NA%)";"0 (NA%)";"0 (NA%)";"bioma"
"3";"pantanal";"0 (NA%)";"0 (NA%)";"0 (NA%)";"bioma"
"4";"amazonia";"0 (NA%)";"0 (NA%)";"0 (NA%)";"bioma"
"4";"caatinga";"0 (NA%)";"0 (NA%)";"0 (NA%)";"bioma"
"4";"cerrado";"0 (0%)";"1 (100%)";"0 (0%)";"bioma"
"4";"mata atlantica";"26 (2.5%)";"655 (63.6%)";"349 (33.9%)";"bioma"
"4";"pampa";"7 (4.4%)";"99 (61.9%)";"54 (33.8%)";"bioma"
"4";"pantanal";"0 (NA%)";"0 (NA%)";"0 (NA%)";"bioma"
"5";"amazonia";"10 (13.2%)";"54 (71.1%)";"12 (15.8%)";"bioma"
"5";"caatinga";"0 (NA%)";"0 (NA%)";"0 (NA%)";"bioma"
"5";"cerrado";"19 (5.3%)";"282 (79.2%)";"55 (15.4%)";"bioma"
"5";"mata atlantica";"0 (0%)";"20 (76.9%)";"6 (23.1%)";"bioma"
"5";"pampa";"0 (NA%)";"0 (NA%)";"0 (NA%)";"bioma"
"5";"pantanal";"0 (0%)";"6 (66.7%)";"3 (33.3%)";"bioma"
"1";"Af";"27 (26.5%)";"47 (46.1%)";"28 (27.5%)";"koppen"
"1";"Am";"53 (27.5%)";"126 (65.3%)";"14 (7.3%)";"koppen"
"1";"As";"0 (NA%)";"0 (NA%)";"0 (NA%)";"koppen"
"1";"Aw";"33 (21.3%)";"107 (69%)";"15 (9.7%)";"koppen"
"1";"BSh";"0 (NA%)";"0 (NA%)";"0 (NA%)";"koppen"
"1";"Cfa";"0 (NA%)";"0 (NA%)";"0 (NA%)";"koppen"
"1";"Cfb";"0 (NA%)";"0 (NA%)";"0 (NA%)";"koppen"
"1";"Cwa";"0 (NA%)";"0 (NA%)";"0 (NA%)";"koppen"
"1";"Cwb";"0 (NA%)";"0 (NA%)";"0 (NA%)";"koppen"
"2";"Af";"29 (29.6%)";"61 (62.2%)";"8 (8.2%)";"koppen"
"2";"Am";"26 (24.3%)";"74 (69.2%)";"7 (6.5%)";"koppen"
"2";"As";"193 (23.5%)";"552 (67.2%)";"76 (9.3%)";"koppen"
"2";"Aw";"64 (18.9%)";"243 (71.9%)";"31 (9.2%)";"koppen"
"2";"BSh";"64 (15.2%)";"310 (73.8%)";"46 (11%)";"koppen"
"2";"Cfa";"0 (0%)";"2 (100%)";"0 (0%)";"koppen"
"2";"Cfb";"0 (0%)";"1 (50%)";"1 (50%)";"koppen"
"2";"Cwa";"2 (66.7%)";"1 (33.3%)";"0 (0%)";"koppen"
"2";"Cwb";"0 (0%)";"2 (66.7%)";"1 (33.3%)";"koppen"
"3";"Af";"1 (6.7%)";"13 (86.7%)";"1 (6.7%)";"koppen"
"3";"Am";"3 (16.7%)";"13 (72.2%)";"2 (11.1%)";"koppen"
"3";"As";"5 (7%)";"50 (70.4%)";"16 (22.5%)";"koppen"
"3";"Aw";"42 (8.8%)";"346 (72.7%)";"88 (18.5%)";"koppen"
"3";"BSh";"0 (NA%)";"0 (NA%)";"0 (NA%)";"koppen"
"3";"Cfa";"13 (6%)";"172 (79.3%)";"32 (14.7%)";"koppen"
"3";"Cfb";"16 (13.9%)";"82 (71.3%)";"17 (14.8%)";"koppen"
"3";"Cwa";"32 (7.9%)";"300 (74.3%)";"72 (17.8%)";"koppen"
"3";"Cwb";"39 (11.1%)";"274 (77.8%)";"39 (11.1%)";"koppen"
"4";"Af";"0 (NA%)";"0 (NA%)";"0 (NA%)";"koppen"
"4";"Am";"0 (NA%)";"0 (NA%)";"0 (NA%)";"koppen"
"4";"As";"0 (NA%)";"0 (NA%)";"0 (NA%)";"koppen"
"4";"Aw";"0 (0%)";"3 (75%)";"1 (25%)";"koppen"
"4";"BSh";"0 (NA%)";"0 (NA%)";"0 (NA%)";"koppen"
"4";"Cfa";"16 (1.8%)";"559 (62.2%)";"324 (36%)";"koppen"
"4";"Cfb";"17 (5.9%)";"193 (67%)";"78 (27.1%)";"koppen"
"4";"Cwa";"0 (NA%)";"0 (NA%)";"0 (NA%)";"koppen"
"4";"Cwb";"0 (NA%)";"0 (NA%)";"0 (NA%)";"koppen"
"5";"Af";"0 (0%)";"4 (80%)";"1 (20%)";"koppen"
"5";"Am";"6 (7.7%)";"54 (69.2%)";"18 (23.1%)";"koppen"
"5";"As";"0 (NA%)";"0 (NA%)";"0 (NA%)";"koppen"
"5";"Aw";"23 (6.3%)";"290 (79.7%)";"51 (14%)";"koppen"
"5";"BSh";"0 (NA%)";"0 (NA%)";"0 (NA%)";"koppen"
"5";"Cfa";"0 (0%)";"14 (70%)";"6 (30%)";"koppen"
"5";"Cfb";"0 (NA%)";"0 (NA%)";"0 (NA%)";"koppen"
"5";"Cwa";"0 (NA%)";"0 (NA%)";"0 (NA%)";"koppen"
"5";"Cwb";"0 (NA%)";"0 (NA%)";"0 (NA%)";"koppen"
"1";"metropolitana";"12 (24%)";"33 (66%)";"5 (10%)";"tipo_regiao"
"1";"não metropolitana";"101 (25.2%)";"247 (61.8%)";"52 (13%)";"tipo_regiao"
"2";"metropolitana";"23 (19.5%)";"88 (74.6%)";"7 (5.9%)";"tipo_regiao"
"2";"não metropolitana";"355 (21.2%)";"1158 (69.1%)";"163 (9.7%)";"tipo_regiao"
"3";"metropolitana";"15 (11.7%)";"90 (70.3%)";"23 (18%)";"tipo_regiao"
"3";"não metropolitana";"136 (8.8%)";"1160 (75.3%)";"244 (15.8%)";"tipo_regiao"
"4";"metropolitana";"1 (1.1%)";"62 (65.3%)";"32 (33.7%)";"tipo_regiao"
"4";"não metropolitana";"32 (2.9%)";"693 (63.2%)";"371 (33.9%)";"tipo_regiao"
"5";"metropolitana";"4 (7.4%)";"43 (79.6%)";"7 (13%)";"tipo_regiao"
"5";"não metropolitana";"25 (6.1%)";"319 (77.2%)";"69 (16.7%)";"tipo_regiao"
